Series Code,Country Name,2015 [YR2015],Continent,HDI
NY.GDP.PCAP.PP.CD,Afghanistan,2087.305323,Asia,0.49
NY.GDP.PCAP.PP.CD,Albania,11661.97687,Europe,0.788
NY.GDP.PCAP.PP.CD,Algeria,12015.64908,Africa,0.751
NY.GDP.PCAP.PP.CD,American Samoa,..,Oceania,
NY.GDP.PCAP.PP.CD,Andorra,..,Europe,0.85
NY.GDP.PCAP.PP.CD,Angola,7337.569559,Africa,0.565
NY.GDP.PCAP.PP.CD,Antigua and Barbuda,18912.31748,North America,0.77
NY.GDP.PCAP.PP.CD,Argentina,20105.19899,South America,0.828
NY.GDP.PCAP.PP.CD,Armenia,9969.685301,Europe,0.748
NY.GDP.PCAP.PP.CD,Aruba,36765.11607,North America,
NY.GDP.PCAP.PP.CD,Australia,46276.15069,Oceania,0.933
NY.GDP.PCAP.PP.CD,Austria,49879.26647,Europe,0.906
NY.GDP.PCAP.PP.CD,Azerbaijan,14938.40113,Europe,0.749
NY.GDP.PCAP.PP.CD,Bahrain,45686.24664,Asia,0.834
NY.GDP.PCAP.PP.CD,Bangladesh,3555.50551,Asia,0.588
NY.GDP.PCAP.PP.CD,Barbados,15510.82429,North America,0.812
NY.GDP.PCAP.PP.CD,Belarus,18041.2425,Europe,0.811
NY.GDP.PCAP.PP.CD,Belgium,46213.26653,Europe,0.913
NY.GDP.PCAP.PP.CD,Belize,7244.391078,North America,0.715
NY.GDP.PCAP.PP.CD,Benin,2886.831867,Africa,0.51
NY.GDP.PCAP.PP.CD,Bermuda,..,North America,
NY.GDP.PCAP.PP.CD,Bhutan,9500.768189,Asia,0.606
NY.GDP.PCAP.PP.CD,Bolivia,7133.874461,South America,
NY.GDP.PCAP.PP.CD,Bosnia and Herzegovina,12013.91994,Europe,0.755
NY.GDP.PCAP.PP.CD,Botswana,15547.17588,Africa,0.714
NY.GDP.PCAP.PP.CD,Brazil,14744.11291,South America,0.755
NY.GDP.PCAP.PP.CD,British Virgin Islands,..,North America,
NY.GDP.PCAP.PP.CD,Brunei Darussalam,62541.68036,Asia,0.843
NY.GDP.PCAP.PP.CD,Bulgaria,18341.96059,Europe,0.807
NY.GDP.PCAP.PP.CD,Burkina Faso,1713.519379,Africa,0.413
NY.GDP.PCAP.PP.CD,Burundi,841.6463572,Africa,0.427
NY.GDP.PCAP.PP.CD,Cambodia,3388.73742,Asia,0.566
NY.GDP.PCAP.PP.CD,Cameroon,3260.524969,Africa,0.548
NY.GDP.PCAP.PP.CD,Canada,44671.44068,North America,0.917
NY.GDP.PCAP.PP.CD,Cayman Islands,64230.41201,North America,
NY.GDP.PCAP.PP.CD,Central African Republic,787.0130816,Africa,0.362
NY.GDP.PCAP.PP.CD,Chad,1820.059393,Africa,0.403
NY.GDP.PCAP.PP.CD,Chile,22688.01003,South America,0.839
NY.GDP.PCAP.PP.CD,China,12978.76857,Asia,0.742
NY.GDP.PCAP.PP.CD,Colombia,13265.79726,South America,0.753
NY.GDP.PCAP.PP.CD,Comoros,2709.600878,Africa,0.535
NY.GDP.PCAP.PP.CD,Costa Rica,16586.35303,North America,0.786
NY.GDP.PCAP.PP.CD,Cote d'Ivoire,4652.890621,Africa,
NY.GDP.PCAP.PP.CD,Croatia,23013.49805,Europe,0.83
NY.GDP.PCAP.PP.CD,Cuba,..,North America,0.768
NY.GDP.PCAP.PP.CD,Cyprus,31722.21621,Europe,0.864
NY.GDP.PCAP.PP.CD,Czech Republic,33691.42424,Europe,
NY.GDP.PCAP.PP.CD,Denmark,49058.50107,Europe,0.926
NY.GDP.PCAP.PP.CD,Djibouti,4574.474876,Africa,0.482
NY.GDP.PCAP.PP.CD,Dominica,11139.94898,North America,0.729
NY.GDP.PCAP.PP.CD,Dominican Republic,14740.8197,North America,0.733
NY.GDP.PCAP.PP.CD,Ecuador,11060.28763,South America,0.758
NY.GDP.PCAP.PP.CD,El Salvador,7597.68557,North America,0.66
NY.GDP.PCAP.PP.CD,Equatorial Guinea,24042.49709,Africa,0.593
NY.GDP.PCAP.PP.CD,Eritrea,..,Africa,0.433
NY.GDP.PCAP.PP.CD,Estonia,29397.12984,Europe,0.871
NY.GDP.PCAP.PP.CD,Ethiopia,1657.345099,Africa,0.453
NY.GDP.PCAP.PP.CD,Faroe Islands,..,Europe,
NY.GDP.PCAP.PP.CD,Fiji,12412.42213,Oceania,0.718
NY.GDP.PCAP.PP.CD,Finland,42509.13131,Europe,0.919
NY.GDP.PCAP.PP.CD,France,40860.91122,Europe,0.888
NY.GDP.PCAP.PP.CD,French Polynesia,..,Oceania,
NY.GDP.PCAP.PP.CD,Gabon,14699.56624,Africa,0.692
NY.GDP.PCAP.PP.CD,Georgia,12089.16941,Europe,0.771
NY.GDP.PCAP.PP.CD,Germany,47683.7886,Europe,0.933
NY.GDP.PCAP.PP.CD,Ghana,5117.337095,Africa,0.585
NY.GDP.PCAP.PP.CD,Gibraltar,..,Europe,
NY.GDP.PCAP.PP.CD,Greece,26902.52532,Europe,0.868
NY.GDP.PCAP.PP.CD,Greenland,..,North America,
NY.GDP.PCAP.PP.CD,Grenada,14152.41757,North America,0.756
NY.GDP.PCAP.PP.CD,Guam,..,Oceania,
NY.GDP.PCAP.PP.CD,Guatemala,8194.440681,North America,0.647
NY.GDP.PCAP.PP.CD,Guinea,1819.363616,Africa,0.449
NY.GDP.PCAP.PP.CD,Guinea-Bissau,1597.208851,Africa,0.453
NY.GDP.PCAP.PP.CD,Guyana,8365.612084,South America,0.663
NY.GDP.PCAP.PP.CD,Haiti,1704.930581,North America,0.492
NY.GDP.PCAP.PP.CD,Honduras,4823.389044,North America,0.613
NY.GDP.PCAP.PP.CD,Hungary,26668.04088,Europe,0.835
NY.GDP.PCAP.PP.CD,Iceland,48854.34544,Europe,0.927
NY.GDP.PCAP.PP.CD,India,5464.859141,Asia,0.627
NY.GDP.PCAP.PP.CD,Indonesia,10247.20638,Asia,0.696
NY.GDP.PCAP.PP.CD,Iraq,10391.77771,Asia,0.665
NY.GDP.PCAP.PP.CD,Ireland,69056.04604,Europe,0.926
NY.GDP.PCAP.PP.CD,Isle of Man,..,Europe,
NY.GDP.PCAP.PP.CD,Israel,35436.81087,Asia,0.901
NY.GDP.PCAP.PP.CD,Italy,36909.32837,Europe,0.875
NY.GDP.PCAP.PP.CD,Jamaica,8791.297949,North America,0.722
NY.GDP.PCAP.PP.CD,Japan,40396.24321,Asia,0.906
NY.GDP.PCAP.PP.CD,Jordan,9331.339833,Asia,0.721
NY.GDP.PCAP.PP.CD,Kazakhstan,23224.11784,Europe,0.806
NY.GDP.PCAP.PP.CD,Kenya,3361.977348,Africa,0.562
NY.GDP.PCAP.PP.CD,Kiribati,2110.117273,Oceania,0.619
NY.GDP.PCAP.PP.CD,Kuwait,47230.62319,Asia,0.807
NY.GDP.PCAP.PP.CD,Kyrgyz Republic,4214.829509,Asia,
NY.GDP.PCAP.PP.CD,Latvia,24830.92297,Europe,0.842
NY.GDP.PCAP.PP.CD,Lebanon,15067.7746,Asia,0.728
NY.GDP.PCAP.PP.CD,Lesotho,3093.710719,Africa,0.499
NY.GDP.PCAP.PP.CD,Liberia,1292.096518,Africa,0.463
NY.GDP.PCAP.PP.CD,Liechtenstein,..,Europe,0.912
NY.GDP.PCAP.PP.CD,Lithuania,28823.81809,Europe,0.855
NY.GDP.PCAP.PP.CD,Luxembourg,103750.7751,Europe,0.899
NY.GDP.PCAP.PP.CD,Madagascar,1546.837114,Africa,0.514
NY.GDP.PCAP.PP.CD,Malawi,1018.935262,Africa,0.475
NY.GDP.PCAP.PP.CD,Malaysia,24801.88695,Asia,0.797
NY.GDP.PCAP.PP.CD,Maldives,16768.69732,Asia,0.709
NY.GDP.PCAP.PP.CD,Mali,2032.665667,Africa,0.412
NY.GDP.PCAP.PP.CD,Malta,36083.36776,Europe,0.877
NY.GDP.PCAP.PP.CD,Marshall Islands,3519.218145,Oceania,..
NY.GDP.PCAP.PP.CD,Mauritania,4200.155677,Africa,0.521
NY.GDP.PCAP.PP.CD,Mauritius,19229.83549,Africa,0.786
NY.GDP.PCAP.PP.CD,Mexico,18284.88284,North America,0.759
NY.GDP.PCAP.PP.CD,Moldova,9254.848605,Europe,
NY.GDP.PCAP.PP.CD,Monaco,..,Europe,
NY.GDP.PCAP.PP.CD,Mongolia,10767.1332,Asia,0.736
NY.GDP.PCAP.PP.CD,Montenegro,16337.1426,Europe,0.807
NY.GDP.PCAP.PP.CD,Morocco,7024.963089,Africa,0.66
NY.GDP.PCAP.PP.CD,Mozambique,1291.267986,Africa,0.428
NY.GDP.PCAP.PP.CD,Myanmar,4416.546732,Asia,0.565
NY.GDP.PCAP.PP.CD,Namibia,10574.14799,Africa,0.637
NY.GDP.PCAP.PP.CD,Nauru,10963.95195,Oceania,
NY.GDP.PCAP.PP.CD,Nepal,2633.39531,Asia,0.568
NY.GDP.PCAP.PP.CD,Netherlands,50302.06775,Europe,0.927
NY.GDP.PCAP.PP.CD,New Caledonia,..,Oceania,
NY.GDP.PCAP.PP.CD,New Zealand,37530.03908,Oceania,0.914
NY.GDP.PCAP.PP.CD,Nicaragua,5293.865358,North America,0.644
NY.GDP.PCAP.PP.CD,Niger,1143.273529,Africa,0.36
NY.GDP.PCAP.PP.CD,Nigeria,5426.332967,Africa,0.527
NY.GDP.PCAP.PP.CD,Northern Mariana Islands,..,Oceania,
NY.GDP.PCAP.PP.CD,Norway,60385.11676,Europe,0.948
NY.GDP.PCAP.PP.CD,Oman,31113.59125,Asia,0.827
NY.GDP.PCAP.PP.CD,Pakistan,4373.014234,Asia,0.55
NY.GDP.PCAP.PP.CD,Palau,17977.53101,Oceania,0.803
NY.GDP.PCAP.PP.CD,Panama,25319.22938,North America,0.782
NY.GDP.PCAP.PP.CD,Papua New Guinea,4081.298244,Oceania,0.539
NY.GDP.PCAP.PP.CD,Paraguay,11471.49423,South America,0.718
NY.GDP.PCAP.PP.CD,Peru,11572.32269,South America,0.75
NY.GDP.PCAP.PP.CD,Philippines,7186.768858,Asia,0.702
NY.GDP.PCAP.PP.CD,Poland,26856.28883,Europe,0.858
NY.GDP.PCAP.PP.CD,Portugal,29668.8592,Europe,0.843
NY.GDP.PCAP.PP.CD,Puerto Rico,34016.02235,North America,
NY.GDP.PCAP.PP.CD,Qatar,92968.09041,Asia,0.851
NY.GDP.PCAP.PP.CD,Romania,21631.49769,Europe,0.806
NY.GDP.PCAP.PP.CD,Russian Federation,24085.32418,Europe,0.813
NY.GDP.PCAP.PP.CD,Rwanda,1813.750518,Africa,0.515
NY.GDP.PCAP.PP.CD,Samoa,5831.52564,Oceania,0.699
NY.GDP.PCAP.PP.CD,San Marino,55598.21607,Europe,
NY.GDP.PCAP.PP.CD,Sao Tome and Principe,3837.729243,Africa,0.59
NY.GDP.PCAP.PP.CD,Saudi Arabia,48611.14527,Asia,0.857
NY.GDP.PCAP.PP.CD,Senegal,2971.344983,Africa,0.504
NY.GDP.PCAP.PP.CD,Serbia,14922.05991,Europe,0.785
NY.GDP.PCAP.PP.CD,Seychelles,24067.19459,Africa,0.801
NY.GDP.PCAP.PP.CD,Sierra Leone,1586.688648,Africa,0.422
NY.GDP.PCAP.PP.CD,Singapore,86974.74762,Asia,0.929
NY.GDP.PCAP.PP.CD,Slovenia,31636.75003,Europe,0.886
NY.GDP.PCAP.PP.CD,Solomon Islands,2235.826964,Oceania,0.555
NY.GDP.PCAP.PP.CD,Somalia,..,Africa,
NY.GDP.PCAP.PP.CD,South Africa,12552.34013,Africa,0.699
NY.GDP.PCAP.PP.CD,South Sudan,..,Africa,0.428
NY.GDP.PCAP.PP.CD,Spain,34912.47613,Europe,0.885
NY.GDP.PCAP.PP.CD,Sri Lanka,11557.48705,Asia,0.772
NY.GDP.PCAP.PP.CD,Sudan,5047.927788,Africa,0.501
NY.GDP.PCAP.PP.CD,Suriname,16072.21626,South America,0.73
NY.GDP.PCAP.PP.CD,Sweden,49116.30784,Europe,0.932
NY.GDP.PCAP.PP.CD,Switzerland,63938.97998,Europe,0.943
NY.GDP.PCAP.PP.CD,Syrian Arab Republic,..,Asia,0.54
NY.GDP.PCAP.PP.CD,Tajikistan,2991.653596,Asia,0.642
NY.GDP.PCAP.PP.CD,Tanzania,2348.443729,Africa,
NY.GDP.PCAP.PP.CD,Thailand,15822.35326,Asia,0.746
NY.GDP.PCAP.PP.CD,Timor-Leste,2916.823573,Asia,0.628
NY.GDP.PCAP.PP.CD,Togo,1397.333165,Africa,0.502
NY.GDP.PCAP.PP.CD,Tonga,5849.717335,Oceania,0.714
NY.GDP.PCAP.PP.CD,Trinidad and Tobago,27510.40683,North America,0.796
NY.GDP.PCAP.PP.CD,Tunisia,10208.73928,Africa,0.731
NY.GDP.PCAP.PP.CD,Turkey,25625.57463,Europe,0.8
NY.GDP.PCAP.PP.CD,Turkmenistan,13690.60427,Asia,0.701
NY.GDP.PCAP.PP.CD,Turks and Caicos Islands,22855.1657,North America,
NY.GDP.PCAP.PP.CD,Tuvalu,3619.410338,Oceania,
NY.GDP.PCAP.PP.CD,Uganda,2111.494107,Africa,0.515
NY.GDP.PCAP.PP.CD,Ukraine,10164.32733,Europe,0.742
NY.GDP.PCAP.PP.CD,United Arab Emirates,64901.85202,Asia,0.86
NY.GDP.PCAP.PP.CD,Uruguay,20217.58414,South America,0.802
NY.GDP.PCAP.PP.CD,Uzbekistan,6343.149742,Asia,0.696
NY.GDP.PCAP.PP.CD,Vanuatu,2953.102197,Oceania,0.592
NY.GDP.PCAP.PP.CD,Vietnam,6102.637264,Asia,
NY.GDP.PCAP.PP.CD,Zambia,3430.403576,Africa,0.57
NY.GDP.PCAP.PP.CD,Zimbabwe,2679.510136,Africa,0.544
SE.XPD.TOTL.GD.ZS,Afghanistan,3.255800009,Asia,0.49
SE.XPD.TOTL.GD.ZS,Albania,3.437969923,Europe,0.788
SE.XPD.TOTL.GD.ZS,Algeria,..,Africa,0.751
SE.XPD.TOTL.GD.ZS,American Samoa,..,Oceania,
SE.XPD.TOTL.GD.ZS,Andorra,3.28034997,Europe,0.85
SE.XPD.TOTL.GD.ZS,Angola,..,Africa,0.565
SE.XPD.TOTL.GD.ZS,Antigua and Barbuda,..,North America,0.77
SE.XPD.TOTL.GD.ZS,Argentina,5.776110172,South America,0.828
SE.XPD.TOTL.GD.ZS,Armenia,2.805910111,Europe,0.748
SE.XPD.TOTL.GD.ZS,Aruba,5.975709915,North America,
SE.XPD.TOTL.GD.ZS,Australia,5.311270237,Oceania,0.933
SE.XPD.TOTL.GD.ZS,Austria,5.456580162,Europe,0.906
SE.XPD.TOTL.GD.ZS,Azerbaijan,2.951679945,Europe,0.749
SE.XPD.TOTL.GD.ZS,Bahrain,2.668080092,Asia,0.834
SE.XPD.TOTL.GD.ZS,Bangladesh,..,Asia,0.588
SE.XPD.TOTL.GD.ZS,Barbados,..,North America,0.812
SE.XPD.TOTL.GD.ZS,Belarus,4.787519932,Europe,0.811
SE.XPD.TOTL.GD.ZS,Belgium,6.451570034,Europe,0.913
SE.XPD.TOTL.GD.ZS,Belize,6.88888979,North America,0.715
SE.XPD.TOTL.GD.ZS,Benin,3.17298007,Africa,0.51
SE.XPD.TOTL.GD.ZS,Bermuda,1.698600054,North America,
SE.XPD.TOTL.GD.ZS,Bhutan,7.590099812,Asia,0.606
SE.XPD.TOTL.GD.ZS,Bolivia,..,South America,
SE.XPD.TOTL.GD.ZS,Bosnia and Herzegovina,..,Europe,0.755
SE.XPD.TOTL.GD.ZS,Botswana,..,Africa,0.714
SE.XPD.TOTL.GD.ZS,Brazil,6.24105978,South America,0.755
SE.XPD.TOTL.GD.ZS,British Virgin Islands,5.134789944,North America,
SE.XPD.TOTL.GD.ZS,Brunei Darussalam,..,Asia,0.843
SE.XPD.TOTL.GD.ZS,Bulgaria,..,Europe,0.807
SE.XPD.TOTL.GD.ZS,Burkina Faso,3.67008996,Africa,0.413
SE.XPD.TOTL.GD.ZS,Burundi,6.370540142,Africa,0.427
SE.XPD.TOTL.GD.ZS,Cambodia,..,Asia,0.566
SE.XPD.TOTL.GD.ZS,Cameroon,2.768049955,Africa,0.548
SE.XPD.TOTL.GD.ZS,Canada,..,North America,0.917
SE.XPD.TOTL.GD.ZS,Cayman Islands,..,North America,
SE.XPD.TOTL.GD.ZS,Central African Republic,..,Africa,0.362
SE.XPD.TOTL.GD.ZS,Chad,..,Africa,0.403
SE.XPD.TOTL.GD.ZS,Chile,4.875309944,South America,0.839
SE.XPD.TOTL.GD.ZS,China,..,Asia,0.742
SE.XPD.TOTL.GD.ZS,Colombia,4.470389843,South America,0.753
SE.XPD.TOTL.GD.ZS,Comoros,2.545059919,Africa,0.535
SE.XPD.TOTL.GD.ZS,Costa Rica,7.082540035,North America,0.786
SE.XPD.TOTL.GD.ZS,Cote d'Ivoire,3.494159937,Africa,
SE.XPD.TOTL.GD.ZS,Croatia,..,Europe,0.83
SE.XPD.TOTL.GD.ZS,Cuba,..,North America,0.768
SE.XPD.TOTL.GD.ZS,Cyprus,6.346360207,Europe,0.864
SE.XPD.TOTL.GD.ZS,Czech Republic,5.788849831,Europe,
SE.XPD.TOTL.GD.ZS,Denmark,..,Europe,0.926
SE.XPD.TOTL.GD.ZS,Djibouti,3.590240002,Africa,0.482
SE.XPD.TOTL.GD.ZS,Dominica,3.408580065,North America,0.729
SE.XPD.TOTL.GD.ZS,Dominican Republic,..,North America,0.733
SE.XPD.TOTL.GD.ZS,Ecuador,4.998700142,South America,0.758
SE.XPD.TOTL.GD.ZS,El Salvador,3.909879923,North America,0.66
SE.XPD.TOTL.GD.ZS,Equatorial Guinea,..,Africa,0.593
SE.XPD.TOTL.GD.ZS,Eritrea,..,Africa,0.433
SE.XPD.TOTL.GD.ZS,Estonia,5.106850147,Europe,0.871
SE.XPD.TOTL.GD.ZS,Ethiopia,4.737919807,Africa,0.453
SE.XPD.TOTL.GD.ZS,Faroe Islands,..,Europe,
SE.XPD.TOTL.GD.ZS,Fiji,..,Oceania,0.718
SE.XPD.TOTL.GD.ZS,Finland,7.032080174,Europe,0.919
SE.XPD.TOTL.GD.ZS,France,..,Europe,0.888
SE.XPD.TOTL.GD.ZS,French Polynesia,..,Oceania,
SE.XPD.TOTL.GD.ZS,Gabon,..,Africa,0.692
SE.XPD.TOTL.GD.ZS,Georgia,..,Europe,0.771
SE.XPD.TOTL.GD.ZS,Germany,4.834980011,Europe,0.933
SE.XPD.TOTL.GD.ZS,Ghana,4.510890007,Africa,0.585
SE.XPD.TOTL.GD.ZS,Gibraltar,..,Europe,
SE.XPD.TOTL.GD.ZS,Greece,..,Europe,0.868
SE.XPD.TOTL.GD.ZS,Greenland,..,North America,
SE.XPD.TOTL.GD.ZS,Grenada,..,North America,0.756
SE.XPD.TOTL.GD.ZS,Guam,..,Oceania,
SE.XPD.TOTL.GD.ZS,Guatemala,3.030329943,North America,0.647
SE.XPD.TOTL.GD.ZS,Guinea,2.517139912,Africa,0.449
SE.XPD.TOTL.GD.ZS,Guinea-Bissau,..,Africa,0.453
SE.XPD.TOTL.GD.ZS,Guyana,5.214829922,South America,0.663
SE.XPD.TOTL.GD.ZS,Haiti,3.1572299,North America,0.492
SE.XPD.TOTL.GD.ZS,Honduras,6.412970066,North America,0.613
SE.XPD.TOTL.GD.ZS,Hungary,4.518660069,Europe,0.835
SE.XPD.TOTL.GD.ZS,Iceland,7.512909889,Europe,0.927
SE.XPD.TOTL.GD.ZS,India,..,Asia,0.627
SE.XPD.TOTL.GD.ZS,Indonesia,3.583600044,Asia,0.696
SE.XPD.TOTL.GD.ZS,Iraq,..,Asia,0.665
SE.XPD.TOTL.GD.ZS,Ireland,3.758290052,Europe,0.926
SE.XPD.TOTL.GD.ZS,Isle of Man,..,Europe,
SE.XPD.TOTL.GD.ZS,Israel,5.867300034,Asia,0.901
SE.XPD.TOTL.GD.ZS,Italy,4.073629856,Europe,0.875
SE.XPD.TOTL.GD.ZS,Jamaica,5.455770016,North America,0.722
SE.XPD.TOTL.GD.ZS,Japan,..,Asia,0.906
SE.XPD.TOTL.GD.ZS,Jordan,..,Asia,0.721
SE.XPD.TOTL.GD.ZS,Kazakhstan,2.788579941,Europe,0.806
SE.XPD.TOTL.GD.ZS,Kenya,5.271339893,Africa,0.562
SE.XPD.TOTL.GD.ZS,Kiribati,..,Oceania,0.619
SE.XPD.TOTL.GD.ZS,Kuwait,..,Asia,0.807
SE.XPD.TOTL.GD.ZS,Kyrgyz Republic,5.985509872,Asia,
SE.XPD.TOTL.GD.ZS,Latvia,5.314129829,Europe,0.842
SE.XPD.TOTL.GD.ZS,Lebanon,..,Asia,0.728
SE.XPD.TOTL.GD.ZS,Lesotho,..,Africa,0.499
SE.XPD.TOTL.GD.ZS,Liberia,..,Africa,0.463
SE.XPD.TOTL.GD.ZS,Liechtenstein,..,Europe,0.912
SE.XPD.TOTL.GD.ZS,Lithuania,4.22988987,Europe,0.855
SE.XPD.TOTL.GD.ZS,Luxembourg,3.918200016,Europe,0.899
SE.XPD.TOTL.GD.ZS,Madagascar,2.210119963,Africa,0.514
SE.XPD.TOTL.GD.ZS,Malawi,5.608660221,Africa,0.475
SE.XPD.TOTL.GD.ZS,Malaysia,4.894869804,Asia,0.797
SE.XPD.TOTL.GD.ZS,Maldives,4.366549969,Asia,0.709
SE.XPD.TOTL.GD.ZS,Mali,3.801500082,Africa,0.412
SE.XPD.TOTL.GD.ZS,Malta,5.216350079,Europe,0.877
SE.XPD.TOTL.GD.ZS,Marshall Islands,..,Oceania,..
SE.XPD.TOTL.GD.ZS,Mauritania,..,Africa,0.521
SE.XPD.TOTL.GD.ZS,Mauritius,4.886670113,Africa,0.786
SE.XPD.TOTL.GD.ZS,Mexico,5.235239983,North America,0.759
SE.XPD.TOTL.GD.ZS,Moldova,..,Europe,
SE.XPD.TOTL.GD.ZS,Monaco,..,Europe,
SE.XPD.TOTL.GD.ZS,Mongolia,4.176990032,Asia,0.736
SE.XPD.TOTL.GD.ZS,Montenegro,..,Europe,0.807
SE.XPD.TOTL.GD.ZS,Morocco,..,Africa,0.66
SE.XPD.TOTL.GD.ZS,Mozambique,..,Africa,0.428
SE.XPD.TOTL.GD.ZS,Myanmar,..,Asia,0.565
SE.XPD.TOTL.GD.ZS,Namibia,..,Africa,0.637
SE.XPD.TOTL.GD.ZS,Nauru,..,Oceania,
SE.XPD.TOTL.GD.ZS,Nepal,3.703589916,Asia,0.568
SE.XPD.TOTL.GD.ZS,Netherlands,5.34815979,Europe,0.927
SE.XPD.TOTL.GD.ZS,New Caledonia,..,Oceania,
SE.XPD.TOTL.GD.ZS,New Zealand,6.337389946,Oceania,0.914
SE.XPD.TOTL.GD.ZS,Nicaragua,4.078430176,North America,0.644
SE.XPD.TOTL.GD.ZS,Niger,4.494679928,Africa,0.36
SE.XPD.TOTL.GD.ZS,Nigeria,..,Africa,0.527
SE.XPD.TOTL.GD.ZS,Northern Mariana Islands,..,Oceania,
SE.XPD.TOTL.GD.ZS,Norway,7.569330216,Europe,0.948
SE.XPD.TOTL.GD.ZS,Oman,..,Asia,0.827
SE.XPD.TOTL.GD.ZS,Pakistan,2.650019884,Asia,0.55
SE.XPD.TOTL.GD.ZS,Palau,..,Oceania,0.803
SE.XPD.TOTL.GD.ZS,Panama,..,North America,0.782
SE.XPD.TOTL.GD.ZS,Papua New Guinea,..,Oceania,0.539
SE.XPD.TOTL.GD.ZS,Paraguay,..,South America,0.718
SE.XPD.TOTL.GD.ZS,Peru,3.969330072,South America,0.75
SE.XPD.TOTL.GD.ZS,Philippines,..,Asia,0.702
SE.XPD.TOTL.GD.ZS,Poland,4.812260151,Europe,0.858
SE.XPD.TOTL.GD.ZS,Portugal,4.885540009,Europe,0.843
SE.XPD.TOTL.GD.ZS,Puerto Rico,..,North America,
SE.XPD.TOTL.GD.ZS,Qatar,..,Asia,0.851
SE.XPD.TOTL.GD.ZS,Romania,3.106760025,Europe,0.806
SE.XPD.TOTL.GD.ZS,Russian Federation,3.834029913,Europe,0.813
SE.XPD.TOTL.GD.ZS,Rwanda,3.632339954,Africa,0.515
SE.XPD.TOTL.GD.ZS,Samoa,..,Oceania,0.699
SE.XPD.TOTL.GD.ZS,San Marino,..,Europe,
SE.XPD.TOTL.GD.ZS,Sao Tome and Principe,3.864500046,Africa,0.59
SE.XPD.TOTL.GD.ZS,Saudi Arabia,..,Asia,0.857
SE.XPD.TOTL.GD.ZS,Senegal,5.45637989,Africa,0.504
SE.XPD.TOTL.GD.ZS,Serbia,3.789020062,Europe,0.785
SE.XPD.TOTL.GD.ZS,Seychelles,..,Africa,0.801
SE.XPD.TOTL.GD.ZS,Sierra Leone,..,Africa,0.422
SE.XPD.TOTL.GD.ZS,Singapore,..,Asia,0.929
SE.XPD.TOTL.GD.ZS,Slovenia,4.909530163,Europe,0.886
SE.XPD.TOTL.GD.ZS,Solomon Islands,..,Oceania,0.555
SE.XPD.TOTL.GD.ZS,Somalia,..,Africa,
SE.XPD.TOTL.GD.ZS,South Africa,5.956190109,Africa,0.699
SE.XPD.TOTL.GD.ZS,South Sudan,1.465559959,Africa,0.428
SE.XPD.TOTL.GD.ZS,Spain,4.286570072,Europe,0.885
SE.XPD.TOTL.GD.ZS,Sri Lanka,2.228749991,Asia,0.772
SE.XPD.TOTL.GD.ZS,Sudan,..,Africa,0.501
SE.XPD.TOTL.GD.ZS,Suriname,..,South America,0.73
SE.XPD.TOTL.GD.ZS,Sweden,7.443900108,Europe,0.932
SE.XPD.TOTL.GD.ZS,Switzerland,5.100570202,Europe,0.943
SE.XPD.TOTL.GD.ZS,Syrian Arab Republic,..,Asia,0.54
SE.XPD.TOTL.GD.ZS,Tajikistan,5.231389999,Asia,0.642
SE.XPD.TOTL.GD.ZS,Tanzania,..,Africa,
SE.XPD.TOTL.GD.ZS,Thailand,..,Asia,0.746
SE.XPD.TOTL.GD.ZS,Timor-Leste,8.433259964,Asia,0.628
SE.XPD.TOTL.GD.ZS,Togo,5.10860014,Africa,0.502
SE.XPD.TOTL.GD.ZS,Tonga,..,Oceania,0.714
SE.XPD.TOTL.GD.ZS,Trinidad and Tobago,..,North America,0.796
SE.XPD.TOTL.GD.ZS,Tunisia,6.596010208,Africa,0.731
SE.XPD.TOTL.GD.ZS,Turkey,..,Europe,0.8
SE.XPD.TOTL.GD.ZS,Turkmenistan,..,Asia,0.701
SE.XPD.TOTL.GD.ZS,Turks and Caicos Islands,3.157449961,North America,
SE.XPD.TOTL.GD.ZS,Tuvalu,..,Oceania,
SE.XPD.TOTL.GD.ZS,Uganda,2.340490103,Africa,0.515
SE.XPD.TOTL.GD.ZS,Ukraine,..,Europe,0.742
SE.XPD.TOTL.GD.ZS,United Arab Emirates,..,Asia,0.86
SE.XPD.TOTL.GD.ZS,Uruguay,..,South America,0.802
SE.XPD.TOTL.GD.ZS,Uzbekistan,5.786379814,Asia,0.696
SE.XPD.TOTL.GD.ZS,Vanuatu,5.390810013,Oceania,0.592
SE.XPD.TOTL.GD.ZS,Vietnam,..,Asia,
SE.XPD.TOTL.GD.ZS,Zambia,4.62432003,Africa,0.57
SE.XPD.TOTL.GD.ZS,Zimbabwe,..,Africa,0.544
EN.ATM.CO2E.PC,Afghanistan,0.262555711,Asia,0.49
EN.ATM.CO2E.PC,Albania,1.602648034,Europe,0.788
EN.ATM.CO2E.PC,Algeria,3.854556576,Africa,0.751
EN.ATM.CO2E.PC,American Samoa,..,Oceania,
EN.ATM.CO2E.PC,Andorra,5.969786312,Europe,0.85
EN.ATM.CO2E.PC,Angola,1.240245462,Africa,0.565
EN.ATM.CO2E.PC,Antigua and Barbuda,5.839546416,North America,0.77
EN.ATM.CO2E.PC,Argentina,4.664010748,South America,0.828
EN.ATM.CO2E.PC,Armenia,1.642004093,Europe,0.748
EN.ATM.CO2E.PC,Aruba,8.610373679,North America,
EN.ATM.CO2E.PC,Australia,15.33978358,Oceania,0.933
EN.ATM.CO2E.PC,Austria,7.088592233,Europe,0.906
EN.ATM.CO2E.PC,Azerbaijan,3.896406086,Europe,0.749
EN.ATM.CO2E.PC,Bahrain,23.97708643,Asia,0.834
EN.ATM.CO2E.PC,Bangladesh,0.518850859,Asia,0.588
EN.ATM.CO2E.PC,Barbados,4.395403121,North America,0.812
EN.ATM.CO2E.PC,Belarus,6.141410885,Europe,0.811
EN.ATM.CO2E.PC,Belgium,8.811835806,Europe,0.913
EN.ATM.CO2E.PC,Belize,1.605245295,North America,0.715
EN.ATM.CO2E.PC,Benin,0.573491446,Africa,0.51
EN.ATM.CO2E.PC,Bermuda,8.543985775,North America,
EN.ATM.CO2E.PC,Bhutan,1.466042293,Asia,0.606
EN.ATM.CO2E.PC,Bolivia,1.84670254,South America,
EN.ATM.CO2E.PC,Bosnia and Herzegovina,5.414911991,Europe,0.755
EN.ATM.CO2E.PC,Botswana,2.56084596,Africa,0.714
EN.ATM.CO2E.PC,Brazil,2.466788048,South America,0.755
EN.ATM.CO2E.PC,British Virgin Islands,7.295760154,North America,
EN.ATM.CO2E.PC,Brunei Darussalam,17.04874345,Asia,0.843
EN.ATM.CO2E.PC,Bulgaria,6.232579562,Europe,0.807
EN.ATM.CO2E.PC,Burkina Faso,0.183849877,Africa,0.413
EN.ATM.CO2E.PC,Burundi,0.039701654,Africa,0.427
EN.ATM.CO2E.PC,Cambodia,0.555905459,Asia,0.566
EN.ATM.CO2E.PC,Cameroon,0.340283663,Africa,0.548
EN.ATM.CO2E.PC,Canada,15.38895031,North America,0.917
EN.ATM.CO2E.PC,Cayman Islands,9.030263755,North America,
EN.ATM.CO2E.PC,Central African Republic,0.065290207,Africa,0.362
EN.ATM.CO2E.PC,Chad,0.070944141,Africa,0.403
EN.ATM.CO2E.PC,Chile,4.632585659,South America,0.839
EN.ATM.CO2E.PC,China,7.398524566,Asia,0.742
EN.ATM.CO2E.PC,Colombia,1.980399139,South America,0.753
EN.ATM.CO2E.PC,Comoros,0.21697555,Africa,0.535
EN.ATM.CO2E.PC,Costa Rica,1.549914766,North America,0.786
EN.ATM.CO2E.PC,Cote d'Ivoire,0.471910597,Africa,
EN.ATM.CO2E.PC,Croatia,4.118348684,Europe,0.83
EN.ATM.CO2E.PC,Cuba,2.58233029,North America,0.768
EN.ATM.CO2E.PC,Cyprus,5.287370638,Europe,0.864
EN.ATM.CO2E.PC,Czech Republic,9.468220309,Europe,
EN.ATM.CO2E.PC,Denmark,5.422285595,Europe,0.926
EN.ATM.CO2E.PC,Djibouti,0.686063241,Africa,0.482
EN.ATM.CO2E.PC,Dominica,2.472725229,North America,0.729
EN.ATM.CO2E.PC,Dominican Republic,2.347495156,North America,0.733
EN.ATM.CO2E.PC,Ecuador,2.669044326,South America,0.758
EN.ATM.CO2E.PC,El Salvador,1.082975765,North America,0.66
EN.ATM.CO2E.PC,Equatorial Guinea,5.158919293,Africa,0.593
EN.ATM.CO2E.PC,Eritrea,..,Africa,0.433
EN.ATM.CO2E.PC,Estonia,12.43885277,Europe,0.871
EN.ATM.CO2E.PC,Ethiopia,0.136045864,Africa,0.453
EN.ATM.CO2E.PC,Faroe Islands,12.66824832,Europe,
EN.ATM.CO2E.PC,Fiji,2.482303682,Oceania,0.718
EN.ATM.CO2E.PC,Finland,7.775642295,Europe,0.919
EN.ATM.CO2E.PC,France,..,Europe,0.888
EN.ATM.CO2E.PC,French Polynesia,2.806062448,Oceania,
EN.ATM.CO2E.PC,Gabon,2.701741965,Africa,0.692
EN.ATM.CO2E.PC,Georgia,2.630200823,Europe,0.771
EN.ATM.CO2E.PC,Germany,8.900419299,Europe,0.933
EN.ATM.CO2E.PC,Ghana,0.594373807,Africa,0.585
EN.ATM.CO2E.PC,Gibraltar,17.17411667,Europe,
EN.ATM.CO2E.PC,Greece,6.01244039,Europe,0.868
EN.ATM.CO2E.PC,Greenland,9.083526393,North America,
EN.ATM.CO2E.PC,Grenada,2.375541748,North America,0.756
EN.ATM.CO2E.PC,Guam,..,Oceania,
EN.ATM.CO2E.PC,Guatemala,1.017131099,North America,0.647
EN.ATM.CO2E.PC,Guinea,0.236402921,Africa,0.449
EN.ATM.CO2E.PC,Guinea-Bissau,0.160425788,Africa,0.453
EN.ATM.CO2E.PC,Guyana,2.628050433,South America,0.663
EN.ATM.CO2E.PC,Haiti,0.2742825,North America,0.492
EN.ATM.CO2E.PC,Honduras,1.099345588,North America,0.613
EN.ATM.CO2E.PC,Hungary,4.512673438,Europe,0.835
EN.ATM.CO2E.PC,Iceland,6.007931926,Europe,0.927
EN.ATM.CO2E.PC,India,1.784333765,Asia,0.627
EN.ATM.CO2E.PC,Indonesia,1.984452414,Asia,0.696
EN.ATM.CO2E.PC,Iraq,4.702368286,Asia,0.665
EN.ATM.CO2E.PC,Ireland,7.636663628,Europe,0.926
EN.ATM.CO2E.PC,Isle of Man,..,Europe,
EN.ATM.CO2E.PC,Israel,7.900584122,Asia,0.901
EN.ATM.CO2E.PC,Italy,..,Europe,0.875
EN.ATM.CO2E.PC,Jamaica,2.619266688,North America,0.722
EN.ATM.CO2E.PC,Japan,9.153641422,Asia,0.906
EN.ATM.CO2E.PC,Jordan,2.827443257,Asia,0.721
EN.ATM.CO2E.PC,Kazakhstan,13.80005416,Europe,0.806
EN.ATM.CO2E.PC,Kenya,0.35545402,Africa,0.562
EN.ATM.CO2E.PC,Kiribati,0.561967006,Oceania,0.619
EN.ATM.CO2E.PC,Kuwait,24.24244895,Asia,0.807
EN.ATM.CO2E.PC,Kyrgyz Republic,1.75381205,Asia,
EN.ATM.CO2E.PC,Latvia,3.543636572,Europe,0.842
EN.ATM.CO2E.PC,Lebanon,3.745767203,Asia,0.728
EN.ATM.CO2E.PC,Lesotho,1.139803819,Africa,0.499
EN.ATM.CO2E.PC,Liberia,0.277142723,Africa,0.463
EN.ATM.CO2E.PC,Liechtenstein,1.370109421,Europe,0.912
EN.ATM.CO2E.PC,Lithuania,4.504048662,Europe,0.855
EN.ATM.CO2E.PC,Luxembourg,16.24258432,Europe,0.899
EN.ATM.CO2E.PC,Madagascar,0.150407888,Africa,0.514
EN.ATM.CO2E.PC,Malawi,0.068761849,Africa,0.475
EN.ATM.CO2E.PC,Malaysia,7.757390697,Asia,0.797
EN.ATM.CO2E.PC,Maldives,2.861600519,Asia,0.709
EN.ATM.CO2E.PC,Mali,0.18168062,Africa,0.412
EN.ATM.CO2E.PC,Malta,3.641844904,Europe,0.877
EN.ATM.CO2E.PC,Marshall Islands,2.489823987,Oceania,..
EN.ATM.CO2E.PC,Mauritania,0.715038995,Africa,0.521
EN.ATM.CO2E.PC,Mauritius,3.337055532,Africa,0.786
EN.ATM.CO2E.PC,Mexico,3.963191128,North America,0.759
EN.ATM.CO2E.PC,Moldova,1.743892638,Europe,
EN.ATM.CO2E.PC,Monaco,..,Europe,
EN.ATM.CO2E.PC,Mongolia,7.765857501,Asia,0.736
EN.ATM.CO2E.PC,Montenegro,3.601228946,Europe,0.807
EN.ATM.CO2E.PC,Morocco,1.767614953,Africa,0.66
EN.ATM.CO2E.PC,Mozambique,0.239883238,Africa,0.428
EN.ATM.CO2E.PC,Myanmar,0.423286251,Asia,0.565
EN.ATM.CO2E.PC,Namibia,1.72348227,Africa,0.637
EN.ATM.CO2E.PC,Nauru,3.821322645,Oceania,
EN.ATM.CO2E.PC,Nepal,0.231435418,Asia,0.568
EN.ATM.CO2E.PC,Netherlands,10.18257362,Europe,0.927
EN.ATM.CO2E.PC,New Caledonia,17.44651982,Oceania,
EN.ATM.CO2E.PC,New Zealand,7.591408926,Oceania,0.914
EN.ATM.CO2E.PC,Nicaragua,0.85675918,North America,0.644
EN.ATM.CO2E.PC,Niger,0.10138412,Africa,0.36
EN.ATM.CO2E.PC,Nigeria,0.640003154,Africa,0.527
EN.ATM.CO2E.PC,Northern Mariana Islands,..,Oceania,
EN.ATM.CO2E.PC,Norway,9.09928715,Europe,0.948
EN.ATM.CO2E.PC,Oman,15.32246187,Asia,0.827
EN.ATM.CO2E.PC,Pakistan,0.945421162,Asia,0.55
EN.ATM.CO2E.PC,Palau,12.6627229,Oceania,0.803
EN.ATM.CO2E.PC,Panama,2.804430253,North America,0.782
EN.ATM.CO2E.PC,Papua New Guinea,0.922655106,Oceania,0.539
EN.ATM.CO2E.PC,Paraguay,0.942414767,South America,0.718
EN.ATM.CO2E.PC,Peru,1.727431902,South America,0.75
EN.ATM.CO2E.PC,Philippines,1.146965321,Asia,0.702
EN.ATM.CO2E.PC,Poland,7.520039008,Europe,0.858
EN.ATM.CO2E.PC,Portugal,4.755594668,Europe,0.843
EN.ATM.CO2E.PC,Puerto Rico,..,North America,
EN.ATM.CO2E.PC,Qatar,41.64216221,Asia,0.851
EN.ATM.CO2E.PC,Romania,3.61914154,Europe,0.806
EN.ATM.CO2E.PC,Russian Federation,11.78522038,Europe,0.813
EN.ATM.CO2E.PC,Rwanda,0.084505937,Africa,0.515
EN.ATM.CO2E.PC,Samoa,1.212776403,Oceania,0.699
EN.ATM.CO2E.PC,San Marino,..,Europe,
EN.ATM.CO2E.PC,Sao Tome and Principe,0.570003811,Africa,0.59
EN.ATM.CO2E.PC,Saudi Arabia,20.40225162,Asia,0.857
EN.ATM.CO2E.PC,Senegal,0.729704491,Africa,0.504
EN.ATM.CO2E.PC,Serbia,6.189892639,Europe,0.785
EN.ATM.CO2E.PC,Seychelles,5.259936416,Africa,0.801
EN.ATM.CO2E.PC,Sierra Leone,0.148788315,Africa,0.422
EN.ATM.CO2E.PC,Singapore,11.10236022,Asia,0.929
EN.ATM.CO2E.PC,Slovenia,6.072183553,Europe,0.886
EN.ATM.CO2E.PC,Solomon Islands,0.31616367,Oceania,0.555
EN.ATM.CO2E.PC,Somalia,0.04571391,Africa,
EN.ATM.CO2E.PC,South Africa,8.376655342,Africa,0.699
EN.ATM.CO2E.PC,South Sudan,0.181371037,Africa,0.428
EN.ATM.CO2E.PC,Spain,5.393418949,Europe,0.885
EN.ATM.CO2E.PC,Sri Lanka,0.959155699,Asia,0.772
EN.ATM.CO2E.PC,Sudan,..,Africa,0.501
EN.ATM.CO2E.PC,Suriname,3.082377853,South America,0.73
EN.ATM.CO2E.PC,Sweden,3.896324042,Europe,0.932
EN.ATM.CO2E.PC,Switzerland,4.30703579,Europe,0.943
EN.ATM.CO2E.PC,Syrian Arab Republic,1.627771232,Asia,0.54
EN.ATM.CO2E.PC,Tajikistan,0.592079302,Asia,0.642
EN.ATM.CO2E.PC,Tanzania,0.251220815,Africa,
EN.ATM.CO2E.PC,Thailand,4.138352218,Asia,0.746
EN.ATM.CO2E.PC,Timor-Leste,0.419943292,Asia,0.628
EN.ATM.CO2E.PC,Togo,0.360032243,Africa,0.502
EN.ATM.CO2E.PC,Tonga,1.200732281,Oceania,0.714
EN.ATM.CO2E.PC,Trinidad and Tobago,33.75508491,North America,0.796
EN.ATM.CO2E.PC,Tunisia,2.705982827,Africa,0.731
EN.ATM.CO2E.PC,Turkey,4.461231155,Europe,0.8
EN.ATM.CO2E.PC,Turkmenistan,12.69909189,Asia,0.701
EN.ATM.CO2E.PC,Turks and Caicos Islands,5.707234374,North America,
EN.ATM.CO2E.PC,Tuvalu,0.991170376,Oceania,
EN.ATM.CO2E.PC,Uganda,0.139771241,Africa,0.515
EN.ATM.CO2E.PC,Ukraine,4.34697596,Europe,0.742
EN.ATM.CO2E.PC,United Arab Emirates,21.02639249,Asia,0.86
EN.ATM.CO2E.PC,Uruguay,1.963537904,South America,0.802
EN.ATM.CO2E.PC,Uzbekistan,3.288582762,Asia,0.696
EN.ATM.CO2E.PC,Vanuatu,0.486895585,Oceania,0.592
EN.ATM.CO2E.PC,Vietnam,2.032107552,Asia,
EN.ATM.CO2E.PC,Zambia,0.285427858,Africa,0.57
EN.ATM.CO2E.PC,Zimbabwe,0.891623872,Africa,0.544
SH.XPD.GHED.GD.ZS,Afghanistan,0.522672804,Asia,0.49
SH.XPD.GHED.GD.ZS,Albania,4.431013018,Europe,0.788
SH.XPD.GHED.GD.ZS,Algeria,4.916987196,Africa,0.751
SH.XPD.GHED.GD.ZS,American Samoa,..,Oceania,
SH.XPD.GHED.GD.ZS,Andorra,4.954714701,Europe,0.85
SH.XPD.GHED.GD.ZS,Angola,1.234240737,Africa,0.565
SH.XPD.GHED.GD.ZS,Antigua and Barbuda,2.607030608,North America,0.77
SH.XPD.GHED.GD.ZS,Argentina,6.824374199,South America,0.828
SH.XPD.GHED.GD.ZS,Armenia,1.610209234,Europe,0.748
SH.XPD.GHED.GD.ZS,Aruba,..,North America,
SH.XPD.GHED.GD.ZS,Australia,6.353408843,Oceania,0.933
SH.XPD.GHED.GD.ZS,Austria,7.512087375,Europe,0.906
SH.XPD.GHED.GD.ZS,Azerbaijan,1.302618254,Europe,0.749
SH.XPD.GHED.GD.ZS,Bahrain,3.228061274,Asia,0.834
SH.XPD.GHED.GD.ZS,Bangladesh,0.434264261,Asia,0.588
SH.XPD.GHED.GD.ZS,Barbados,3.193218261,North America,0.812
SH.XPD.GHED.GD.ZS,Belarus,3.686742112,Europe,0.811
SH.XPD.GHED.GD.ZS,Belgium,7.974552363,Europe,0.913
SH.XPD.GHED.GD.ZS,Belize,4.09517698,North America,0.715
SH.XPD.GHED.GD.ZS,Benin,0.803807844,Africa,0.51
SH.XPD.GHED.GD.ZS,Bermuda,..,North America,
SH.XPD.GHED.GD.ZS,Bhutan,2.716181986,Asia,0.606
SH.XPD.GHED.GD.ZS,Bolivia,4.350081086,South America,
SH.XPD.GHED.GD.ZS,Bosnia and Herzegovina,6.618624181,Europe,0.755
SH.XPD.GHED.GD.ZS,Botswana,3.880019113,Africa,0.714
SH.XPD.GHED.GD.ZS,Brazil,3.806364909,South America,0.755
SH.XPD.GHED.GD.ZS,British Virgin Islands,..,North America,
SH.XPD.GHED.GD.ZS,Brunei Darussalam,2.268365398,Asia,0.843
SH.XPD.GHED.GD.ZS,Bulgaria,4.171523452,Europe,0.807
SH.XPD.GHED.GD.ZS,Burkina Faso,1.652933657,Africa,0.413
SH.XPD.GHED.GD.ZS,Burundi,2.499624714,Africa,0.427
SH.XPD.GHED.GD.ZS,Cambodia,1.34465145,Asia,0.566
SH.XPD.GHED.GD.ZS,Cameroon,0.679561775,Africa,0.548
SH.XPD.GHED.GD.ZS,Canada,7.841788232,North America,0.917
SH.XPD.GHED.GD.ZS,Cayman Islands,..,North America,
SH.XPD.GHED.GD.ZS,Central African Republic,0.521681225,Africa,0.362
SH.XPD.GHED.GD.ZS,Chad,0.961984322,Africa,0.403
SH.XPD.GHED.GD.ZS,Chile,3.98668088,South America,0.839
SH.XPD.GHED.GD.ZS,China,2.942082845,Asia,0.742
SH.XPD.GHED.GD.ZS,Colombia,5.105668679,South America,0.753
SH.XPD.GHED.GD.ZS,Comoros,1.049898472,Africa,0.535
SH.XPD.GHED.GD.ZS,Costa Rica,5.687703565,North America,0.786
SH.XPD.GHED.GD.ZS,Cote d'Ivoire,1.083173417,Africa,
SH.XPD.GHED.GD.ZS,Croatia,5.640484765,Europe,0.83
SH.XPD.GHED.GD.ZS,Cuba,11.57496348,North America,0.768
SH.XPD.GHED.GD.ZS,Cyprus,2.86542885,Europe,0.864
SH.XPD.GHED.GD.ZS,Czech Republic,5.955933407,Europe,
SH.XPD.GHED.GD.ZS,Denmark,8.609555662,Europe,0.926
SH.XPD.GHED.GD.ZS,Djibouti,2.397514693,Africa,0.482
SH.XPD.GHED.GD.ZS,Dominica,3.573778272,North America,0.729
SH.XPD.GHED.GD.ZS,Dominican Republic,2.4489576,North America,0.733
SH.XPD.GHED.GD.ZS,Ecuador,4.241139814,South America,0.758
SH.XPD.GHED.GD.ZS,El Salvador,4.906299338,North America,0.66
SH.XPD.GHED.GD.ZS,Equatorial Guinea,0.554393698,Africa,0.593
SH.XPD.GHED.GD.ZS,Eritrea,0.357863819,Africa,0.433
SH.XPD.GHED.GD.ZS,Estonia,4.811638594,Europe,0.871
SH.XPD.GHED.GD.ZS,Ethiopia,0.965407584,Africa,0.453
SH.XPD.GHED.GD.ZS,Faroe Islands,..,Europe,
SH.XPD.GHED.GD.ZS,Fiji,2.252596244,Oceania,0.718
SH.XPD.GHED.GD.ZS,Finland,7.530388236,Europe,0.919
SH.XPD.GHED.GD.ZS,France,8.787080646,Europe,0.888
SH.XPD.GHED.GD.ZS,French Polynesia,..,Oceania,
SH.XPD.GHED.GD.ZS,Gabon,1.565493085,Africa,0.692
SH.XPD.GHED.GD.ZS,Georgia,2.82151401,Europe,0.771
SH.XPD.GHED.GD.ZS,Germany,8.529745787,Europe,0.933
SH.XPD.GHED.GD.ZS,Ghana,1.621400379,Africa,0.585
SH.XPD.GHED.GD.ZS,Gibraltar,..,Europe,
SH.XPD.GHED.GD.ZS,Greece,4.641812295,Europe,0.868
SH.XPD.GHED.GD.ZS,Greenland,..,North America,
SH.XPD.GHED.GD.ZS,Grenada,1.948279887,North America,0.756
SH.XPD.GHED.GD.ZS,Guam,..,Oceania,
SH.XPD.GHED.GD.ZS,Guatemala,2.215192653,North America,0.647
SH.XPD.GHED.GD.ZS,Guinea,0.429312047,Africa,0.449
SH.XPD.GHED.GD.ZS,Guinea-Bissau,0.657314062,Africa,0.453
SH.XPD.GHED.GD.ZS,Guyana,2.254996635,South America,0.663
SH.XPD.GHED.GD.ZS,Haiti,0.953605864,North America,0.492
SH.XPD.GHED.GD.ZS,Honduras,2.973686159,North America,0.613
SH.XPD.GHED.GD.ZS,Hungary,4.725294933,Europe,0.835
SH.XPD.GHED.GD.ZS,Iceland,6.588947773,Europe,0.927
SH.XPD.GHED.GD.ZS,India,0.921931863,Asia,0.627
SH.XPD.GHED.GD.ZS,Indonesia,1.213009376,Asia,0.696
SH.XPD.GHED.GD.ZS,Iraq,0.730382046,Asia,0.665
SH.XPD.GHED.GD.ZS,Ireland,5.283389986,Europe,0.926
SH.XPD.GHED.GD.ZS,Isle of Man,..,Europe,
SH.XPD.GHED.GD.ZS,Israel,4.498664662,Asia,0.901
SH.XPD.GHED.GD.ZS,Italy,6.704375148,Europe,0.875
SH.XPD.GHED.GD.ZS,Jamaica,3.580339626,North America,0.722
SH.XPD.GHED.GD.ZS,Japan,9.152859449,Asia,0.906
SH.XPD.GHED.GD.ZS,Jordan,4.06537801,Asia,0.721
SH.XPD.GHED.GD.ZS,Kazakhstan,1.926495694,Europe,0.806
SH.XPD.GHED.GD.ZS,Kenya,2.107612044,Africa,0.562
SH.XPD.GHED.GD.ZS,Kiribati,6.807017326,Oceania,0.619
SH.XPD.GHED.GD.ZS,Kuwait,3.376555443,Asia,0.807
SH.XPD.GHED.GD.ZS,Kyrgyz Republic,2.711628005,Asia,
SH.XPD.GHED.GD.ZS,Latvia,3.351109847,Europe,0.842
SH.XPD.GHED.GD.ZS,Lebanon,3.817507252,Asia,0.728
SH.XPD.GHED.GD.ZS,Lesotho,5.437123776,Africa,0.499
SH.XPD.GHED.GD.ZS,Liberia,1.178293582,Africa,0.463
SH.XPD.GHED.GD.ZS,Liechtenstein,..,Europe,0.912
SH.XPD.GHED.GD.ZS,Lithuania,4.279275611,Europe,0.855
SH.XPD.GHED.GD.ZS,Luxembourg,4.645314068,Europe,0.899
SH.XPD.GHED.GD.ZS,Madagascar,2.322478592,Africa,0.514
SH.XPD.GHED.GD.ZS,Malawi,2.673993073,Africa,0.475
SH.XPD.GHED.GD.ZS,Malaysia,2.067884989,Asia,0.797
SH.XPD.GHED.GD.ZS,Maldives,6.26598075,Asia,0.709
SH.XPD.GHED.GD.ZS,Mali,0.919273775,Africa,0.412
SH.XPD.GHED.GD.ZS,Malta,5.602385849,Europe,0.877
SH.XPD.GHED.GD.ZS,Marshall Islands,6.585399807,Oceania,..
SH.XPD.GHED.GD.ZS,Mauritania,1.815727167,Africa,0.521
SH.XPD.GHED.GD.ZS,Mauritius,2.375490591,Africa,0.786
SH.XPD.GHED.GD.ZS,Mexico,3.077319264,North America,0.759
SH.XPD.GHED.GD.ZS,Moldova,3.897042945,Europe,
SH.XPD.GHED.GD.ZS,Monaco,1.640662365,Europe,
SH.XPD.GHED.GD.ZS,Mongolia,2.3892859,Asia,0.736
SH.XPD.GHED.GD.ZS,Montenegro,..,Europe,0.807
SH.XPD.GHED.GD.ZS,Morocco,2.10449677,Africa,0.66
SH.XPD.GHED.GD.ZS,Mozambique,1.643276215,Africa,0.428
SH.XPD.GHED.GD.ZS,Myanmar,1.142970752,Asia,0.565
SH.XPD.GHED.GD.ZS,Namibia,4.098612815,Africa,0.637
SH.XPD.GHED.GD.ZS,Nauru,7.216438651,Oceania,
SH.XPD.GHED.GD.ZS,Nepal,1.034555957,Asia,0.568
SH.XPD.GHED.GD.ZS,Netherlands,6.717748195,Europe,0.927
SH.XPD.GHED.GD.ZS,New Caledonia,..,Oceania,
SH.XPD.GHED.GD.ZS,New Zealand,6.96766451,Oceania,0.914
SH.XPD.GHED.GD.ZS,Nicaragua,4.448358715,North America,0.644
SH.XPD.GHED.GD.ZS,Niger,1.483856142,Africa,0.36
SH.XPD.GHED.GD.ZS,Nigeria,0.589078432,Africa,0.527
SH.XPD.GHED.GD.ZS,Northern Mariana Islands,..,Oceania,
SH.XPD.GHED.GD.ZS,Norway,8.644578606,Europe,0.948
SH.XPD.GHED.GD.ZS,Oman,3.848817945,Asia,0.827
SH.XPD.GHED.GD.ZS,Pakistan,0.740020536,Asia,0.55
SH.XPD.GHED.GD.ZS,Palau,3.750532866,Oceania,0.803
SH.XPD.GHED.GD.ZS,Panama,4.251064733,North America,0.782
SH.XPD.GHED.GD.ZS,Papua New Guinea,1.450244896,Oceania,0.539
SH.XPD.GHED.GD.ZS,Paraguay,3.160713613,South America,0.718
SH.XPD.GHED.GD.ZS,Peru,3.112110123,South America,0.75
SH.XPD.GHED.GD.ZS,Philippines,1.360683516,Asia,0.702
SH.XPD.GHED.GD.ZS,Poland,4.435826838,Europe,0.858
SH.XPD.GHED.GD.ZS,Portugal,5.931303278,Europe,0.843
SH.XPD.GHED.GD.ZS,Puerto Rico,..,North America,
SH.XPD.GHED.GD.ZS,Qatar,2.659644,Asia,0.851
SH.XPD.GHED.GD.ZS,Romania,3.852437437,Europe,0.806
SH.XPD.GHED.GD.ZS,Russian Federation,3.109246306,Europe,0.813
SH.XPD.GHED.GD.ZS,Rwanda,2.168907225,Africa,0.515
SH.XPD.GHED.GD.ZS,Samoa,4.489281774,Oceania,0.699
SH.XPD.GHED.GD.ZS,San Marino,5.865813047,Europe,
SH.XPD.GHED.GD.ZS,Sao Tome and Principe,1.703443565,Africa,0.59
SH.XPD.GHED.GD.ZS,Saudi Arabia,4.107299447,Asia,0.857
SH.XPD.GHED.GD.ZS,Senegal,1.078207046,Africa,0.504
SH.XPD.GHED.GD.ZS,Serbia,5.087390542,Europe,0.785
SH.XPD.GHED.GD.ZS,Seychelles,3.245310858,Africa,0.801
SH.XPD.GHED.GD.ZS,Sierra Leone,1.640690677,Africa,0.422
SH.XPD.GHED.GD.ZS,Singapore,1.979370788,Asia,0.929
SH.XPD.GHED.GD.ZS,Slovenia,6.062202528,Europe,0.886
SH.XPD.GHED.GD.ZS,Solomon Islands,3.501477093,Oceania,0.555
SH.XPD.GHED.GD.ZS,Somalia,..,Africa,
SH.XPD.GHED.GD.ZS,South Africa,4.391946644,Africa,0.699
SH.XPD.GHED.GD.ZS,South Sudan,..,Africa,0.428
SH.XPD.GHED.GD.ZS,Spain,6.487631053,Europe,0.885
SH.XPD.GHED.GD.ZS,Sri Lanka,1.709942892,Asia,0.772
SH.XPD.GHED.GD.ZS,Sudan,2.236813307,Africa,0.501
SH.XPD.GHED.GD.ZS,Suriname,3.3882346,South America,0.73
SH.XPD.GHED.GD.ZS,Sweden,9.170202166,Europe,0.932
SH.XPD.GHED.GD.ZS,Switzerland,3.616922349,Europe,0.943
SH.XPD.GHED.GD.ZS,Syrian Arab Republic,..,Asia,0.54
SH.XPD.GHED.GD.ZS,Tajikistan,2.044956759,Asia,0.642
SH.XPD.GHED.GD.ZS,Tanzania,1.25723863,Africa,
SH.XPD.GHED.GD.ZS,Thailand,2.748705633,Asia,0.746
SH.XPD.GHED.GD.ZS,Timor-Leste,2.262886614,Asia,0.628
SH.XPD.GHED.GD.ZS,Togo,1.27388062,Africa,0.502
SH.XPD.GHED.GD.ZS,Tonga,2.695308998,Oceania,0.714
SH.XPD.GHED.GD.ZS,Trinidad and Tobago,3.108925186,North America,0.796
SH.XPD.GHED.GD.ZS,Tunisia,3.995014727,Africa,0.731
SH.XPD.GHED.GD.ZS,Turkey,3.233578429,Europe,0.8
SH.XPD.GHED.GD.ZS,Turkmenistan,1.508213021,Asia,0.701
SH.XPD.GHED.GD.ZS,Turks and Caicos Islands,..,North America,
SH.XPD.GHED.GD.ZS,Tuvalu,13.17021251,Oceania,
SH.XPD.GHED.GD.ZS,Uganda,1.018855907,Africa,0.515
SH.XPD.GHED.GD.ZS,Ukraine,2.856159769,Europe,0.742
SH.XPD.GHED.GD.ZS,United Arab Emirates,2.553348802,Asia,0.86
SH.XPD.GHED.GD.ZS,Uruguay,6.161976978,South America,0.802
SH.XPD.GHED.GD.ZS,Uzbekistan,3.037396446,Asia,0.696
SH.XPD.GHED.GD.ZS,Vanuatu,2.019430324,Oceania,0.592
SH.XPD.GHED.GD.ZS,Vietnam,2.363326773,Asia,
SH.XPD.GHED.GD.ZS,Zambia,2.09054146,Africa,0.57
SH.XPD.GHED.GD.ZS,Zimbabwe,3.405412659,Africa,0.544
